game_id,sport,season,week,home_id,away_id,home_name,away_name,scheduled_at,schedule_observed_at,decision_at,season_type,contract,is_neutral,div_game,roof,source_status
2026_01_NE_SEA,nfl,2026,1,SEA,NE,SEA,NE,2026-09-10 00:20:00+00:00,2026-09-08 00:20:00+00:00,2026-09-09 23:20:00+00:00,regular,nfl_regular_fullgame_moneyline_ot_tie_push,False,0,outdoors,Final
2026_01_SF_LA,nfl,2026,1,LA,SF,LA,SF,2026-09-11 00:35:00+00:00,2026-09-09 00:35:00+00:00,2026-09-10 23:35:00+00:00,regular,nfl_regular_fullgame_moneyline_ot_tie_push,True,1,dome,Final
2026_01_ATL_PIT,nfl,2026,1,PIT,ATL,PIT,ATL,2026-09-13 17:00:00+00:00,2026-09-11 17:00:00+00:00,2026-09-13 16:00:00+00:00,regular,nfl_regular_fullgame_moneyline_ot_tie_push,False,0,outdoors,Scheduled
2026_01_BAL_IND,nfl,2026,1,IND,BAL,IND,BAL,2026-09-13 17:00:00+00:00,2026-09-11 17:00:00+00:00,2026-09-13 16:00:00+00:00,regular,nfl_regular_fullgame_moneyline_ot_tie_push,False,0,unknown,Scheduled
2026_01_BUF_HOU,nfl,2026,1,HOU,BUF,HOU,BUF,2026-09-13 17:00:00+00:00,2026-09-11 17:00:00+00:00,2026-09-13 16:00:00+00:00,regular,nfl_regular_fullgame_moneyline_ot_tie_push,False,0,unknown,Scheduled
2026_01_CHI_CAR,nfl,2026,1,CAR,CHI,CAR,CHI,2026-09-13 17:00:00+00:00,2026-09-11 17:00:00+00:00,2026-09-13 16:00:00+00:00,regular,nfl_regular_fullgame_moneyline_ot_tie_push,False,0,outdoors,Scheduled
2026_01_CLE_JAX,nfl,2026,1,JAX,CLE,JAX,CLE,2026-09-13 17:00:00+00:00,2026-09-11 17:00:00+00:00,2026-09-13 16:00:00+00:00,regular,nfl_regular_fullgame_moneyline_ot_tie_push,False,0,outdoors,Scheduled
2026_01_NO_DET,nfl,2026,1,DET,NO,DET,NO,2026-09-13 17:00:00+00:00,2026-09-11 17:00:00+00:00,2026-09-13 16:00:00+00:00,regular,nfl_regular_fullgame_moneyline_ot_tie_push,False,0,dome,Scheduled
2026_01_NYJ_TEN,nfl,2026,1,TEN,NYJ,TEN,NYJ,2026-09-13 17:00:00+00:00,2026-09-11 17:00:00+00:00,2026-09-13 16:00:00+00:00,regular,nfl_regular_fullgame_moneyline_ot_tie_push,False,0,outdoors,Scheduled
2026_01_TB_CIN,nfl,2026,1,CIN,TB,CIN,TB,2026-09-13 17:00:00+00:00,2026-09-11 17:00:00+00:00,2026-09-13 16:00:00+00:00,regular,nfl_regular_fullgame_moneyline_ot_tie_push,False,0,outdoors,Scheduled
2026_01_ARI_LAC,nfl,2026,1,LAC,ARI,LAC,ARI,2026-09-13 20:25:00+00:00,2026-09-11 20:25:00+00:00,2026-09-13 19:25:00+00:00,regular,nfl_regular_fullgame_moneyline_ot_tie_push,False,0,dome,Scheduled
2026_01_GB_MIN,nfl,2026,1,MIN,GB,MIN,GB,2026-09-13 20:25:00+00:00,2026-09-11 20:25:00+00:00,2026-09-13 19:25:00+00:00,regular,nfl_regular_fullgame_moneyline_ot_tie_push,False,1,dome,Scheduled
2026_01_MIA_LV,nfl,2026,1,LV,MIA,LV,MIA,2026-09-13 20:25:00+00:00,2026-09-11 20:25:00+00:00,2026-09-13 19:25:00+00:00,regular,nfl_regular_fullgame_moneyline_ot_tie_push,False,0,dome,Scheduled
2026_01_WAS_PHI,nfl,2026,1,PHI,WAS,PHI,WAS,2026-09-13 20:25:00+00:00,2026-09-11 20:25:00+00:00,2026-09-13 19:25:00+00:00,regular,nfl_regular_fullgame_moneyline_ot_tie_push,False,1,outdoors,Scheduled
2026_01_DAL_NYG,nfl,2026,1,NYG,DAL,NYG,DAL,2026-09-14 00:20:00+00:00,2026-09-12 00:20:00+00:00,2026-09-13 23:20:00+00:00,regular,nfl_regular_fullgame_moneyline_ot_tie_push,False,1,outdoors,Scheduled
2026_01_DEN_KC,nfl,2026,1,KC,DEN,KC,DEN,2026-09-15 00:15:00+00:00,2026-09-13 00:15:00+00:00,2026-09-14 23:15:00+00:00,regular,nfl_regular_fullgame_moneyline_ot_tie_push,False,1,outdoors,Scheduled
2026_02_DET_BUF,nfl,2026,2,BUF,DET,BUF,DET,2026-09-18 00:15:00+00:00,2026-09-16 00:15:00+00:00,2026-09-17 23:15:00+00:00,regular,nfl_regular_fullgame_moneyline_ot_tie_push,False,0,outdoors,Scheduled
2026_02_CAR_ATL,nfl,2026,2,ATL,CAR,ATL,CAR,2026-09-20 17:00:00+00:00,2026-09-18 17:00:00+00:00,2026-09-20 16:00:00+00:00,regular,nfl_regular_fullgame_moneyline_ot_tie_push,False,1,unknown,Scheduled
2026_02_CIN_HOU,nfl,2026,2,HOU,CIN,HOU,CIN,2026-09-20 17:00:00+00:00,2026-09-18 17:00:00+00:00,2026-09-20 16:00:00+00:00,regular,nfl_regular_fullgame_moneyline_ot_tie_push,False,0,unknown,Scheduled
2026_02_CLE_TB,nfl,2026,2,TB,CLE,TB,CLE,2026-09-20 17:00:00+00:00,2026-09-18 17:00:00+00:00,2026-09-20 16:00:00+00:00,regular,nfl_regular_fullgame_moneyline_ot_tie_push,False,0,outdoors,Scheduled
2026_02_GB_NYJ,nfl,2026,2,NYJ,GB,NYJ,GB,2026-09-20 17:00:00+00:00,2026-09-18 17:00:00+00:00,2026-09-20 16:00:00+00:00,regular,nfl_regular_fullgame_moneyline_ot_tie_push,False,0,outdoors,Scheduled
2026_02_MIN_CHI,nfl,2026,2,CHI,MIN,CHI,MIN,2026-09-20 17:00:00+00:00,2026-09-18 17:00:00+00:00,2026-09-20 16:00:00+00:00,regular,nfl_regular_fullgame_moneyline_ot_tie_push,False,1,outdoors,Scheduled
2026_02_NO_BAL,nfl,2026,2,BAL,NO,BAL,NO,2026-09-20 17:00:00+00:00,2026-09-18 17:00:00+00:00,2026-09-20 16:00:00+00:00,regular,nfl_regular_fullgame_moneyline_ot_tie_push,False,0,outdoors,Scheduled
2026_02_PHI_TEN,nfl,2026,2,TEN,PHI,TEN,PHI,2026-09-20 17:00:00+00:00,2026-09-18 17:00:00+00:00,2026-09-20 16:00:00+00:00,regular,nfl_regular_fullgame_moneyline_ot_tie_push,False,0,outdoors,Scheduled
2026_02_PIT_NE,nfl,2026,2,NE,PIT,NE,PIT,2026-09-20 17:00:00+00:00,2026-09-18 17:00:00+00:00,2026-09-20 16:00:00+00:00,regular,nfl_regular_fullgame_moneyline_ot_tie_push,False,0,outdoors,Scheduled
2026_02_JAX_DEN,nfl,2026,2,DEN,JAX,DEN,JAX,2026-09-20 20:05:00+00:00,2026-09-18 20:05:00+00:00,2026-09-20 19:05:00+00:00,regular,nfl_regular_fullgame_moneyline_ot_tie_push,False,0,outdoors,Scheduled
2026_02_LV_LAC,nfl,2026,2,LAC,LV,LAC,LV,2026-09-20 20:05:00+00:00,2026-09-18 20:05:00+00:00,2026-09-20 19:05:00+00:00,regular,nfl_regular_fullgame_moneyline_ot_tie_push,False,1,dome,Scheduled
2026_02_MIA_SF,nfl,2026,2,SF,MIA,SF,MIA,2026-09-20 20:25:00+00:00,2026-09-18 20:25:00+00:00,2026-09-20 19:25:00+00:00,regular,nfl_regular_fullgame_moneyline_ot_tie_push,False,0,outdoors,Scheduled
2026_02_SEA_ARI,nfl,2026,2,ARI,SEA,ARI,SEA,2026-09-20 20:25:00+00:00,2026-09-18 20:25:00+00:00,2026-09-20 19:25:00+00:00,regular,nfl_regular_fullgame_moneyline_ot_tie_push,False,1,unknown,Scheduled
2026_02_WAS_DAL,nfl,2026,2,DAL,WAS,DAL,WAS,2026-09-20 20:25:00+00:00,2026-09-18 20:25:00+00:00,2026-09-20 19:25:00+00:00,regular,nfl_regular_fullgame_moneyline_ot_tie_push,False,1,unknown,Scheduled
2026_02_IND_KC,nfl,2026,2,KC,IND,KC,IND,2026-09-21 00:20:00+00:00,2026-09-19 00:20:00+00:00,2026-09-20 23:20:00+00:00,regular,nfl_regular_fullgame_moneyline_ot_tie_push,False,0,outdoors,Scheduled
2026_02_NYG_LA,nfl,2026,2,LA,NYG,LA,NYG,2026-09-22 00:15:00+00:00,2026-09-20 00:15:00+00:00,2026-09-21 23:15:00+00:00,regular,nfl_regular_fullgame_moneyline_ot_tie_push,False,0,dome,Scheduled
2026_03_ATL_GB,nfl,2026,3,GB,ATL,GB,ATL,2026-09-25 00:15:00+00:00,2026-09-23 00:15:00+00:00,2026-09-24 23:15:00+00:00,regular,nfl_regular_fullgame_moneyline_ot_tie_push,False,0,outdoors,Scheduled
2026_03_CAR_CLE,nfl,2026,3,CLE,CAR,CLE,CAR,2026-09-27 17:00:00+00:00,2026-09-25 17:00:00+00:00,2026-09-27 16:00:00+00:00,regular,nfl_regular_fullgame_moneyline_ot_tie_push,False,0,outdoors,Scheduled
2026_03_CIN_PIT,nfl,2026,3,PIT,CIN,PIT,CIN,2026-09-27 17:00:00+00:00,2026-09-25 17:00:00+00:00,2026-09-27 16:00:00+00:00,regular,nfl_regular_fullgame_moneyline_ot_tie_push,False,1,outdoors,Scheduled
2026_03_HOU_IND,nfl,2026,3,IND,HOU,IND,HOU,2026-09-27 17:00:00+00:00,2026-09-25 17:00:00+00:00,2026-09-27 16:00:00+00:00,regular,nfl_regular_fullgame_moneyline_ot_tie_push,False,1,unknown,Scheduled
2026_03_KC_MIA,nfl,2026,3,MIA,KC,MIA,KC,2026-09-27 17:00:00+00:00,2026-09-25 17:00:00+00:00,2026-09-27 16:00:00+00:00,regular,nfl_regular_fullgame_moneyline_ot_tie_push,False,0,outdoors,Scheduled
2026_03_LAC_BUF,nfl,2026,3,BUF,LAC,BUF,LAC,2026-09-27 17:00:00+00:00,2026-09-25 17:00:00+00:00,2026-09-27 16:00:00+00:00,regular,nfl_regular_fullgame_moneyline_ot_tie_push,False,0,outdoors,Scheduled
2026_03_NE_JAX,nfl,2026,3,JAX,NE,JAX,NE,2026-09-27 17:00:00+00:00,2026-09-25 17:00:00+00:00,2026-09-27 16:00:00+00:00,regular,nfl_regular_fullgame_moneyline_ot_tie_push,False,0,outdoors,Scheduled
2026_03_NYJ_DET,nfl,2026,3,DET,NYJ,DET,NYJ,2026-09-27 17:00:00+00:00,2026-09-25 17:00:00+00:00,2026-09-27 16:00:00+00:00,regular,nfl_regular_fullgame_moneyline_ot_tie_push,False,0,dome,Scheduled
2026_03_SEA_WAS,nfl,2026,3,WAS,SEA,WAS,SEA,2026-09-27 17:00:00+00:00,2026-09-25 17:00:00+00:00,2026-09-27 16:00:00+00:00,regular,nfl_regular_fullgame_moneyline_ot_tie_push,False,0,outdoors,Scheduled
2026_03_TEN_NYG,nfl,2026,3,NYG,TEN,NYG,TEN,2026-09-27 17:00:00+00:00,2026-09-25 17:00:00+00:00,2026-09-27 16:00:00+00:00,regular,nfl_regular_fullgame_moneyline_ot_tie_push,False,0,outdoors,Scheduled
2026_03_ARI_SF,nfl,2026,3,SF,ARI,SF,ARI,2026-09-27 20:05:00+00:00,2026-09-25 20:05:00+00:00,2026-09-27 19:05:00+00:00,regular,nfl_regular_fullgame_moneyline_ot_tie_push,False,1,outdoors,Scheduled
2026_03_MIN_TB,nfl,2026,3,TB,MIN,TB,MIN,2026-09-27 20:05:00+00:00,2026-09-25 20:05:00+00:00,2026-09-27 19:05:00+00:00,regular,nfl_regular_fullgame_moneyline_ot_tie_push,False,0,outdoors,Scheduled
2026_03_BAL_DAL,nfl,2026,3,DAL,BAL,DAL,BAL,2026-09-27 20:25:00+00:00,2026-09-25 20:25:00+00:00,2026-09-27 19:25:00+00:00,regular,nfl_regular_fullgame_moneyline_ot_tie_push,True,0,unknown,Scheduled
2026_03_LV_NO,nfl,2026,3,NO,LV,NO,LV,2026-09-27 20:25:00+00:00,2026-09-25 20:25:00+00:00,2026-09-27 19:25:00+00:00,regular,nfl_regular_fullgame_moneyline_ot_tie_push,False,0,dome,Scheduled
2026_03_LA_DEN,nfl,2026,3,DEN,LA,DEN,LA,2026-09-28 00:20:00+00:00,2026-09-26 00:20:00+00:00,2026-09-27 23:20:00+00:00,regular,nfl_regular_fullgame_moneyline_ot_tie_push,False,0,outdoors,Scheduled
2026_03_PHI_CHI,nfl,2026,3,CHI,PHI,CHI,PHI,2026-09-29 00:15:00+00:00,2026-09-27 00:15:00+00:00,2026-09-28 23:15:00+00:00,regular,nfl_regular_fullgame_moneyline_ot_tie_push,False,0,outdoors,Scheduled
2026_04_PIT_CLE,nfl,2026,4,CLE,PIT,CLE,PIT,2026-10-02 00:15:00+00:00,2026-09-30 00:15:00+00:00,2026-10-01 23:15:00+00:00,regular,nfl_regular_fullgame_moneyline_ot_tie_push,False,1,outdoors,Scheduled
2026_04_IND_WAS,nfl,2026,4,WAS,IND,WAS,IND,2026-10-04 13:30:00+00:00,2026-10-02 13:30:00+00:00,2026-10-04 12:30:00+00:00,regular,nfl_regular_fullgame_moneyline_ot_tie_push,True,0,outdoors,Scheduled
2026_04_ARI_NYG,nfl,2026,4,NYG,ARI,NYG,ARI,2026-10-04 17:00:00+00:00,2026-10-02 17:00:00+00:00,2026-10-04 16:00:00+00:00,regular,nfl_regular_fullgame_moneyline_ot_tie_push,False,0,outdoors,Scheduled
2026_04_DAL_HOU,nfl,2026,4,HOU,DAL,HOU,DAL,2026-10-04 17:00:00+00:00,2026-10-02 17:00:00+00:00,2026-10-04 16:00:00+00:00,regular,nfl_regular_fullgame_moneyline_ot_tie_push,False,0,unknown,Scheduled
2026_04_GB_TB,nfl,2026,4,TB,GB,TB,GB,2026-10-04 17:00:00+00:00,2026-10-02 17:00:00+00:00,2026-10-04 16:00:00+00:00,regular,nfl_regular_fullgame_moneyline_ot_tie_push,False,0,outdoors,Scheduled
2026_04_JAX_CIN,nfl,2026,4,CIN,JAX,CIN,JAX,2026-10-04 17:00:00+00:00,2026-10-02 17:00:00+00:00,2026-10-04 16:00:00+00:00,regular,nfl_regular_fullgame_moneyline_ot_tie_push,False,0,outdoors,Scheduled
2026_04_LA_PHI,nfl,2026,4,PHI,LA,PHI,LA,2026-10-04 17:00:00+00:00,2026-10-02 17:00:00+00:00,2026-10-04 16:00:00+00:00,regular,nfl_regular_fullgame_moneyline_ot_tie_push,False,0,outdoors,Scheduled
2026_04_NE_BUF,nfl,2026,4,BUF,NE,BUF,NE,2026-10-04 17:00:00+00:00,2026-10-02 17:00:00+00:00,2026-10-04 16:00:00+00:00,regular,nfl_regular_fullgame_moneyline_ot_tie_push,False,1,outdoors,Scheduled
2026_04_NYJ_CHI,nfl,2026,4,CHI,NYJ,CHI,NYJ,2026-10-04 17:00:00+00:00,2026-10-02 17:00:00+00:00,2026-10-04 16:00:00+00:00,regular,nfl_regular_fullgame_moneyline_ot_tie_push,False,0,outdoors,Scheduled
2026_04_TEN_BAL,nfl,2026,4,BAL,TEN,BAL,TEN,2026-10-04 17:00:00+00:00,2026-10-02 17:00:00+00:00,2026-10-04 16:00:00+00:00,regular,nfl_regular_fullgame_moneyline_ot_tie_push,False,0,outdoors,Scheduled
2026_04_MIA_MIN,nfl,2026,4,MIN,MIA,MIN,MIA,2026-10-04 20:05:00+00:00,2026-10-02 20:05:00+00:00,2026-10-04 19:05:00+00:00,regular,nfl_regular_fullgame_moneyline_ot_tie_push,False,0,dome,Scheduled
2026_04_DEN_SF,nfl,2026,4,SF,DEN,SF,DEN,2026-10-04 20:25:00+00:00,2026-10-02 20:25:00+00:00,2026-10-04 19:25:00+00:00,regular,nfl_regular_fullgame_moneyline_ot_tie_push,False,0,outdoors,Scheduled
2026_04_KC_LV,nfl,2026,4,LV,KC,LV,KC,2026-10-04 20:25:00+00:00,2026-10-02 20:25:00+00:00,2026-10-04 19:25:00+00:00,regular,nfl_regular_fullgame_moneyline_ot_tie_push,False,1,dome,Scheduled
2026_04_LAC_SEA,nfl,2026,4,SEA,LAC,SEA,LAC,2026-10-04 20:25:00+00:00,2026-10-02 20:25:00+00:00,2026-10-04 19:25:00+00:00,regular,nfl_regular_fullgame_moneyline_ot_tie_push,False,0,outdoors,Scheduled
2026_04_DET_CAR,nfl,2026,4,CAR,DET,CAR,DET,2026-10-05 00:20:00+00:00,2026-10-03 00:20:00+00:00,2026-10-04 23:20:00+00:00,regular,nfl_regular_fullgame_moneyline_ot_tie_push,False,0,outdoors,Scheduled
2026_04_ATL_NO,nfl,2026,4,NO,ATL,NO,ATL,2026-10-06 00:15:00+00:00,2026-10-04 00:15:00+00:00,2026-10-05 23:15:00+00:00,regular,nfl_regular_fullgame_moneyline_ot_tie_push,False,1,dome,Scheduled
2026_05_TB_DAL,nfl,2026,5,DAL,TB,DAL,TB,2026-10-09 00:15:00+00:00,2026-10-07 00:15:00+00:00,2026-10-08 23:15:00+00:00,regular,nfl_regular_fullgame_moneyline_ot_tie_push,False,0,unknown,Scheduled
2026_05_PHI_JAX,nfl,2026,5,JAX,PHI,JAX,PHI,2026-10-11 13:30:00+00:00,2026-10-09 13:30:00+00:00,2026-10-11 12:30:00+00:00,regular,nfl_regular_fullgame_moneyline_ot_tie_push,False,0,outdoors,Scheduled
2026_05_CIN_MIA,nfl,2026,5,MIA,CIN,MIA,CIN,2026-10-11 17:00:00+00:00,2026-10-09 17:00:00+00:00,2026-10-11 16:00:00+00:00,regular,nfl_regular_fullgame_moneyline_ot_tie_push,False,0,outdoors,Scheduled
2026_05_CLE_NYJ,nfl,2026,5,NYJ,CLE,NYJ,CLE,2026-10-11 17:00:00+00:00,2026-10-09 17:00:00+00:00,2026-10-11 16:00:00+00:00,regular,nfl_regular_fullgame_moneyline_ot_tie_push,False,0,outdoors,Scheduled
2026_05_HOU_TEN,nfl,2026,5,TEN,HOU,TEN,HOU,2026-10-11 17:00:00+00:00,2026-10-09 17:00:00+00:00,2026-10-11 16:00:00+00:00,regular,nfl_regular_fullgame_moneyline_ot_tie_push,False,1,outdoors,Scheduled
2026_05_IND_PIT,nfl,2026,5,PIT,IND,PIT,IND,2026-10-11 17:00:00+00:00,2026-10-09 17:00:00+00:00,2026-10-11 16:00:00+00:00,regular,nfl_regular_fullgame_moneyline_ot_tie_push,False,0,outdoors,Scheduled
2026_05_LV_NE,nfl,2026,5,NE,LV,NE,LV,2026-10-11 17:00:00+00:00,2026-10-09 17:00:00+00:00,2026-10-11 16:00:00+00:00,regular,nfl_regular_fullgame_moneyline_ot_tie_push,False,0,outdoors,Scheduled
2026_05_MIN_NO,nfl,2026,5,NO,MIN,NO,MIN,2026-10-11 17:00:00+00:00,2026-10-09 17:00:00+00:00,2026-10-11 16:00:00+00:00,regular,nfl_regular_fullgame_moneyline_ot_tie_push,False,0,dome,Scheduled
2026_05_NYG_WAS,nfl,2026,5,WAS,NYG,WAS,NYG,2026-10-11 17:00:00+00:00,2026-10-09 17:00:00+00:00,2026-10-11 16:00:00+00:00,regular,nfl_regular_fullgame_moneyline_ot_tie_push,False,1,outdoors,Scheduled
2026_05_DEN_LAC,nfl,2026,5,LAC,DEN,LAC,DEN,2026-10-11 20:05:00+00:00,2026-10-09 20:05:00+00:00,2026-10-11 19:05:00+00:00,regular,nfl_regular_fullgame_moneyline_ot_tie_push,False,1,dome,Scheduled
2026_05_CHI_GB,nfl,2026,5,GB,CHI,GB,CHI,2026-10-11 20:25:00+00:00,2026-10-09 20:25:00+00:00,2026-10-11 19:25:00+00:00,regular,nfl_regular_fullgame_moneyline_ot_tie_push,False,1,outdoors,Scheduled
2026_05_DET_ARI,nfl,2026,5,ARI,DET,ARI,DET,2026-10-11 20:25:00+00:00,2026-10-09 20:25:00+00:00,2026-10-11 19:25:00+00:00,regular,nfl_regular_fullgame_moneyline_ot_tie_push,False,0,unknown,Scheduled
2026_05_SF_SEA,nfl,2026,5,SEA,SF,SEA,SF,2026-10-11 20:25:00+00:00,2026-10-09 20:25:00+00:00,2026-10-11 19:25:00+00:00,regular,nfl_regular_fullgame_moneyline_ot_tie_push,False,1,outdoors,Scheduled
2026_05_BAL_ATL,nfl,2026,5,ATL,BAL,ATL,BAL,2026-10-12 00:20:00+00:00,2026-10-10 00:20:00+00:00,2026-10-11 23:20:00+00:00,regular,nfl_regular_fullgame_moneyline_ot_tie_push,False,0,unknown,Scheduled
2026_05_BUF_LA,nfl,2026,5,LA,BUF,LA,BUF,2026-10-13 00:15:00+00:00,2026-10-11 00:15:00+00:00,2026-10-12 23:15:00+00:00,regular,nfl_regular_fullgame_moneyline_ot_tie_push,False,0,dome,Scheduled
2026_06_SEA_DEN,nfl,2026,6,DEN,SEA,DEN,SEA,2026-10-16 00:15:00+00:00,2026-10-14 00:15:00+00:00,2026-10-15 23:15:00+00:00,regular,nfl_regular_fullgame_moneyline_ot_tie_push,False,0,outdoors,Scheduled
2026_06_HOU_JAX,nfl,2026,6,JAX,HOU,JAX,HOU,2026-10-18 13:30:00+00:00,2026-10-16 13:30:00+00:00,2026-10-18 12:30:00+00:00,regular,nfl_regular_fullgame_moneyline_ot_tie_push,True,1,outdoors,Scheduled
2026_06_BAL_CLE,nfl,2026,6,CLE,BAL,CLE,BAL,2026-10-18 17:00:00+00:00,2026-10-16 17:00:00+00:00,2026-10-18 16:00:00+00:00,regular,nfl_regular_fullgame_moneyline_ot_tie_push,False,1,outdoors,Scheduled
2026_06_CAR_PHI,nfl,2026,6,PHI,CAR,PHI,CAR,2026-10-18 17:00:00+00:00,2026-10-16 17:00:00+00:00,2026-10-18 16:00:00+00:00,regular,nfl_regular_fullgame_moneyline_ot_tie_push,False,0,outdoors,Scheduled
2026_06_CHI_ATL,nfl,2026,6,ATL,CHI,ATL,CHI,2026-10-18 17:00:00+00:00,2026-10-16 17:00:00+00:00,2026-10-18 16:00:00+00:00,regular,nfl_regular_fullgame_moneyline_ot_tie_push,False,0,unknown,Scheduled
2026_06_NO_NYG,nfl,2026,6,NYG,NO,NYG,NO,2026-10-18 17:00:00+00:00,2026-10-16 17:00:00+00:00,2026-10-18 16:00:00+00:00,regular,nfl_regular_fullgame_moneyline_ot_tie_push,False,0,outdoors,Scheduled
2026_06_NYJ_NE,nfl,2026,6,NE,NYJ,NE,NYJ,2026-10-18 17:00:00+00:00,2026-10-16 17:00:00+00:00,2026-10-18 16:00:00+00:00,regular,nfl_regular_fullgame_moneyline_ot_tie_push,False,1,outdoors,Scheduled
2026_06_PIT_TB,nfl,2026,6,TB,PIT,TB,PIT,2026-10-18 17:00:00+00:00,2026-10-16 17:00:00+00:00,2026-10-18 16:00:00+00:00,regular,nfl_regular_fullgame_moneyline_ot_tie_push,False,0,outdoors,Scheduled
2026_06_TEN_IND,nfl,2026,6,IND,TEN,IND,TEN,2026-10-18 17:00:00+00:00,2026-10-16 17:00:00+00:00,2026-10-18 16:00:00+00:00,regular,nfl_regular_fullgame_moneyline_ot_tie_push,False,1,unknown,Scheduled
2026_06_ARI_LA,nfl,2026,6,LA,ARI,LA,ARI,2026-10-18 20:05:00+00:00,2026-10-16 20:05:00+00:00,2026-10-18 19:05:00+00:00,regular,nfl_regular_fullgame_moneyline_ot_tie_push,False,1,dome,Scheduled
2026_06_BUF_LV,nfl,2026,6,LV,BUF,LV,BUF,2026-10-18 20:25:00+00:00,2026-10-16 20:25:00+00:00,2026-10-18 19:25:00+00:00,regular,nfl_regular_fullgame_moneyline_ot_tie_push,False,0,dome,Scheduled
2026_06_LAC_KC,nfl,2026,6,KC,LAC,KC,LAC,2026-10-18 20:25:00+00:00,2026-10-16 20:25:00+00:00,2026-10-18 19:25:00+00:00,regular,nfl_regular_fullgame_moneyline_ot_tie_push,False,1,outdoors,Scheduled
2026_06_DAL_GB,nfl,2026,6,GB,DAL,GB,DAL,2026-10-19 00:20:00+00:00,2026-10-17 00:20:00+00:00,2026-10-18 23:20:00+00:00,regular,nfl_regular_fullgame_moneyline_ot_tie_push,False,0,outdoors,Scheduled
2026_06_WAS_SF,nfl,2026,6,SF,WAS,SF,WAS,2026-10-20 00:15:00+00:00,2026-10-18 00:15:00+00:00,2026-10-19 23:15:00+00:00,regular,nfl_regular_fullgame_moneyline_ot_tie_push,False,0,outdoors,Scheduled
2026_07_NE_CHI,nfl,2026,7,CHI,NE,CHI,NE,2026-10-23 00:15:00+00:00,2026-10-21 00:15:00+00:00,2026-10-22 23:15:00+00:00,regular,nfl_regular_fullgame_moneyline_ot_tie_push,False,0,outdoors,Scheduled
2026_07_PIT_NO,nfl,2026,7,NO,PIT,NO,PIT,2026-10-25 13:30:00+00:00,2026-10-23 13:30:00+00:00,2026-10-25 12:30:00+00:00,regular,nfl_regular_fullgame_moneyline_ot_tie_push,True,0,dome,Scheduled
2026_07_CIN_BAL,nfl,2026,7,BAL,CIN,BAL,CIN,2026-10-25 17:00:00+00:00,2026-10-23 17:00:00+00:00,2026-10-25 16:00:00+00:00,regular,nfl_regular_fullgame_moneyline_ot_tie_push,False,1,outdoors,Scheduled
2026_07_CLE_TEN,nfl,2026,7,TEN,CLE,TEN,CLE,2026-10-25 17:00:00+00:00,2026-10-23 17:00:00+00:00,2026-10-25 16:00:00+00:00,regular,nfl_regular_fullgame_moneyline_ot_tie_push,False,0,outdoors,Scheduled
2026_07_IND_MIN,nfl,2026,7,MIN,IND,MIN,IND,2026-10-25 17:00:00+00:00,2026-10-23 17:00:00+00:00,2026-10-25 16:00:00+00:00,regular,nfl_regular_fullgame_moneyline_ot_tie_push,False,0,dome,Scheduled
2026_07_MIA_NYJ,nfl,2026,7,NYJ,MIA,NYJ,MIA,2026-10-25 17:00:00+00:00,2026-10-23 17:00:00+00:00,2026-10-25 16:00:00+00:00,regular,nfl_regular_fullgame_moneyline_ot_tie_push,False,1,outdoors,Scheduled
2026_07_NYG_HOU,nfl,2026,7,HOU,NYG,HOU,NYG,2026-10-25 17:00:00+00:00,2026-10-23 17:00:00+00:00,2026-10-25 16:00:00+00:00,regular,nfl_regular_fullgame_moneyline_ot_tie_push,False,0,unknown,Scheduled
2026_07_SF_ATL,nfl,2026,7,ATL,SF,ATL,SF,2026-10-25 17:00:00+00:00,2026-10-23 17:00:00+00:00,2026-10-25 16:00:00+00:00,regular,nfl_regular_fullgame_moneyline_ot_tie_push,False,0,unknown,Scheduled
2026_07_TB_CAR,nfl,2026,7,CAR,TB,CAR,TB,2026-10-25 17:00:00+00:00,2026-10-23 17:00:00+00:00,2026-10-25 16:00:00+00:00,regular,nfl_regular_fullgame_moneyline_ot_tie_push,False,1,outdoors,Scheduled
2026_07_DEN_ARI,nfl,2026,7,ARI,DEN,ARI,DEN,2026-10-25 20:05:00+00:00,2026-10-23 20:05:00+00:00,2026-10-25 19:05:00+00:00,regular,nfl_regular_fullgame_moneyline_ot_tie_push,False,0,unknown,Scheduled
2026_07_GB_DET,nfl,2026,7,DET,GB,DET,GB,2026-10-25 20:25:00+00:00,2026-10-23 20:25:00+00:00,2026-10-25 19:25:00+00:00,regular,nfl_regular_fullgame_moneyline_ot_tie_push,False,1,dome,Scheduled
2026_07_LA_LV,nfl,2026,7,LV,LA,LV,LA,2026-10-25 20:25:00+00:00,2026-10-23 20:25:00+00:00,2026-10-25 19:25:00+00:00,regular,nfl_regular_fullgame_moneyline_ot_tie_push,False,0,dome,Scheduled
2026_07_KC_SEA,nfl,2026,7,SEA,KC,SEA,KC,2026-10-26 00:20:00+00:00,2026-10-24 00:20:00+00:00,2026-10-25 23:20:00+00:00,regular,nfl_regular_fullgame_moneyline_ot_tie_push,False,0,outdoors,Scheduled
2026_07_DAL_PHI,nfl,2026,7,PHI,DAL,PHI,DAL,2026-10-27 00:15:00+00:00,2026-10-25 00:15:00+00:00,2026-10-26 23:15:00+00:00,regular,nfl_regular_fullgame_moneyline_ot_tie_push,False,1,outdoors,Scheduled
2026_08_CAR_GB,nfl,2026,8,GB,CAR,GB,CAR,2026-10-30 00:15:00+00:00,2026-10-28 00:15:00+00:00,2026-10-29 23:15:00+00:00,regular,nfl_regular_fullgame_moneyline_ot_tie_push,False,0,outdoors,Scheduled
2026_08_ARI_DAL,nfl,2026,8,DAL,ARI,DAL,ARI,2026-11-01 18:00:00+00:00,2026-10-30 18:00:00+00:00,2026-11-01 17:00:00+00:00,regular,nfl_regular_fullgame_moneyline_ot_tie_push,False,0,unknown,Scheduled
2026_08_ATL_TB,nfl,2026,8,TB,ATL,TB,ATL,2026-11-01 18:00:00+00:00,2026-10-30 18:00:00+00:00,2026-11-01 17:00:00+00:00,regular,nfl_regular_fullgame_moneyline_ot_tie_push,False,1,outdoors,Scheduled
2026_08_BAL_BUF,nfl,2026,8,BUF,BAL,BUF,BAL,2026-11-01 18:00:00+00:00,2026-10-30 18:00:00+00:00,2026-11-01 17:00:00+00:00,regular,nfl_regular_fullgame_moneyline_ot_tie_push,False,0,outdoors,Scheduled
2026_08_CLE_PIT,nfl,2026,8,PIT,CLE,PIT,CLE,2026-11-01 18:00:00+00:00,2026-10-30 18:00:00+00:00,2026-11-01 17:00:00+00:00,regular,nfl_regular_fullgame_moneyline_ot_tie_push,False,1,outdoors,Scheduled
2026_08_IND_JAX,nfl,2026,8,JAX,IND,JAX,IND,2026-11-01 18:00:00+00:00,2026-10-30 18:00:00+00:00,2026-11-01 17:00:00+00:00,regular,nfl_regular_fullgame_moneyline_ot_tie_push,False,1,outdoors,Scheduled
2026_08_LV_NYJ,nfl,2026,8,NYJ,LV,NYJ,LV,2026-11-01 18:00:00+00:00,2026-10-30 18:00:00+00:00,2026-11-01 17:00:00+00:00,regular,nfl_regular_fullgame_moneyline_ot_tie_push,False,0,outdoors,Scheduled
2026_08_MIN_DET,nfl,2026,8,DET,MIN,DET,MIN,2026-11-01 18:00:00+00:00,2026-10-30 18:00:00+00:00,2026-11-01 17:00:00+00:00,regular,nfl_regular_fullgame_moneyline_ot_tie_push,False,1,dome,Scheduled
2026_08_TEN_CIN,nfl,2026,8,CIN,TEN,CIN,TEN,2026-11-01 18:00:00+00:00,2026-10-30 18:00:00+00:00,2026-11-01 17:00:00+00:00,regular,nfl_regular_fullgame_moneyline_ot_tie_push,False,0,outdoors,Scheduled
2026_08_LAC_LA,nfl,2026,8,LA,LAC,LA,LAC,2026-11-01 21:05:00+00:00,2026-10-30 21:05:00+00:00,2026-11-01 20:05:00+00:00,regular,nfl_regular_fullgame_moneyline_ot_tie_push,False,0,dome,Scheduled
2026_08_KC_DEN,nfl,2026,8,DEN,KC,DEN,KC,2026-11-01 21:25:00+00:00,2026-10-30 21:25:00+00:00,2026-11-01 20:25:00+00:00,regular,nfl_regular_fullgame_moneyline_ot_tie_push,False,1,outdoors,Scheduled
2026_08_NE_MIA,nfl,2026,8,MIA,NE,MIA,NE,2026-11-01 21:25:00+00:00,2026-10-30 21:25:00+00:00,2026-11-01 20:25:00+00:00,regular,nfl_regular_fullgame_moneyline_ot_tie_push,False,1,outdoors,Scheduled
2026_08_PHI_WAS,nfl,2026,8,WAS,PHI,WAS,PHI,2026-11-02 01:20:00+00:00,2026-10-31 01:20:00+00:00,2026-11-02 00:20:00+00:00,regular,nfl_regular_fullgame_moneyline_ot_tie_push,False,1,outdoors,Scheduled
2026_08_CHI_SEA,nfl,2026,8,SEA,CHI,SEA,CHI,2026-11-03 01:15:00+00:00,2026-11-01 01:15:00+00:00,2026-11-03 00:15:00+00:00,regular,nfl_regular_fullgame_moneyline_ot_tie_push,False,0,outdoors,Scheduled
2026_09_JAX_BAL,nfl,2026,9,BAL,JAX,BAL,JAX,2026-11-06 01:15:00+00:00,2026-11-04 01:15:00+00:00,2026-11-06 00:15:00+00:00,regular,nfl_regular_fullgame_moneyline_ot_tie_push,False,0,outdoors,Scheduled
2026_09_CIN_ATL,nfl,2026,9,ATL,CIN,ATL,CIN,2026-11-08 14:30:00+00:00,2026-11-06 14:30:00+00:00,2026-11-08 13:30:00+00:00,regular,nfl_regular_fullgame_moneyline_ot_tie_push,True,0,unknown,Scheduled
2026_09_CLE_NO,nfl,2026,9,NO,CLE,NO,CLE,2026-11-08 18:00:00+00:00,2026-11-06 18:00:00+00:00,2026-11-08 17:00:00+00:00,regular,nfl_regular_fullgame_moneyline_ot_tie_push,False,0,dome,Scheduled
2026_09_DAL_IND,nfl,2026,9,IND,DAL,IND,DAL,2026-11-08 18:00:00+00:00,2026-11-06 18:00:00+00:00,2026-11-08 17:00:00+00:00,regular,nfl_regular_fullgame_moneyline_ot_tie_push,False,0,unknown,Scheduled
2026_09_DEN_CAR,nfl,2026,9,CAR,DEN,CAR,DEN,2026-11-08 18:00:00+00:00,2026-11-06 18:00:00+00:00,2026-11-08 17:00:00+00:00,regular,nfl_regular_fullgame_moneyline_ot_tie_push,False,0,outdoors,Scheduled
2026_09_DET_MIA,nfl,2026,9,MIA,DET,MIA,DET,2026-11-08 18:00:00+00:00,2026-11-06 18:00:00+00:00,2026-11-08 17:00:00+00:00,regular,nfl_regular_fullgame_moneyline_ot_tie_push,False,0,outdoors,Scheduled
2026_09_LA_WAS,nfl,2026,9,WAS,LA,WAS,LA,2026-11-08 18:00:00+00:00,2026-11-06 18:00:00+00:00,2026-11-08 17:00:00+00:00,regular,nfl_regular_fullgame_moneyline_ot_tie_push,False,0,outdoors,Scheduled
2026_09_NYG_PHI,nfl,2026,9,PHI,NYG,PHI,NYG,2026-11-08 18:00:00+00:00,2026-11-06 18:00:00+00:00,2026-11-08 17:00:00+00:00,regular,nfl_regular_fullgame_moneyline_ot_tie_push,False,1,outdoors,Scheduled
2026_09_NYJ_KC,nfl,2026,9,KC,NYJ,KC,NYJ,2026-11-08 18:00:00+00:00,2026-11-06 18:00:00+00:00,2026-11-08 17:00:00+00:00,regular,nfl_regular_fullgame_moneyline_ot_tie_push,False,0,outdoors,Scheduled
2026_09_HOU_LAC,nfl,2026,9,LAC,HOU,LAC,HOU,2026-11-08 21:05:00+00:00,2026-11-06 21:05:00+00:00,2026-11-08 20:05:00+00:00,regular,nfl_regular_fullgame_moneyline_ot_tie_push,False,0,dome,Scheduled
2026_09_LV_SF,nfl,2026,9,SF,LV,SF,LV,2026-11-08 21:05:00+00:00,2026-11-06 21:05:00+00:00,2026-11-08 20:05:00+00:00,regular,nfl_regular_fullgame_moneyline_ot_tie_push,False,0,outdoors,Scheduled
2026_09_ARI_SEA,nfl,2026,9,SEA,ARI,SEA,ARI,2026-11-08 21:25:00+00:00,2026-11-06 21:25:00+00:00,2026-11-08 20:25:00+00:00,regular,nfl_regular_fullgame_moneyline_ot_tie_push,False,1,outdoors,Scheduled
2026_09_GB_NE,nfl,2026,9,NE,GB,NE,GB,2026-11-08 21:25:00+00:00,2026-11-06 21:25:00+00:00,2026-11-08 20:25:00+00:00,regular,nfl_regular_fullgame_moneyline_ot_tie_push,False,0,outdoors,Scheduled
2026_09_TB_CHI,nfl,2026,9,CHI,TB,CHI,TB,2026-11-09 01:20:00+00:00,2026-11-07 01:20:00+00:00,2026-11-09 00:20:00+00:00,regular,nfl_regular_fullgame_moneyline_ot_tie_push,False,0,outdoors,Scheduled
2026_09_BUF_MIN,nfl,2026,9,MIN,BUF,MIN,BUF,2026-11-10 01:15:00+00:00,2026-11-08 01:15:00+00:00,2026-11-10 00:15:00+00:00,regular,nfl_regular_fullgame_moneyline_ot_tie_push,False,0,dome,Scheduled
2026_10_WAS_NYG,nfl,2026,10,NYG,WAS,NYG,WAS,2026-11-13 01:15:00+00:00,2026-11-11 01:15:00+00:00,2026-11-13 00:15:00+00:00,regular,nfl_regular_fullgame_moneyline_ot_tie_push,False,1,outdoors,Scheduled
2026_10_NE_DET,nfl,2026,10,DET,NE,DET,NE,2026-11-15 14:30:00+00:00,2026-11-13 14:30:00+00:00,2026-11-15 13:30:00+00:00,regular,nfl_regular_fullgame_moneyline_ot_tie_push,True,0,dome,Scheduled
2026_10_BUF_NYJ,nfl,2026,10,NYJ,BUF,NYJ,BUF,2026-11-15 18:00:00+00:00,2026-11-13 18:00:00+00:00,2026-11-15 17:00:00+00:00,regular,nfl_regular_fullgame_moneyline_ot_tie_push,False,1,outdoors,Scheduled
2026_10_CAR_NO,nfl,2026,10,NO,CAR,NO,CAR,2026-11-15 18:00:00+00:00,2026-11-13 18:00:00+00:00,2026-11-15 17:00:00+00:00,regular,nfl_regular_fullgame_moneyline_ot_tie_push,False,1,dome,Scheduled
2026_10_HOU_CLE,nfl,2026,10,CLE,HOU,CLE,HOU,2026-11-15 18:00:00+00:00,2026-11-13 18:00:00+00:00,2026-11-15 17:00:00+00:00,regular,nfl_regular_fullgame_moneyline_ot_tie_push,False,0,outdoors,Scheduled
2026_10_JAX_TEN,nfl,2026,10,TEN,JAX,TEN,JAX,2026-11-15 18:00:00+00:00,2026-11-13 18:00:00+00:00,2026-11-15 17:00:00+00:00,regular,nfl_regular_fullgame_moneyline_ot_tie_push,False,1,outdoors,Scheduled
2026_10_KC_ATL,nfl,2026,10,ATL,KC,ATL,KC,2026-11-15 18:00:00+00:00,2026-11-13 18:00:00+00:00,2026-11-15 17:00:00+00:00,regular,nfl_regular_fullgame_moneyline_ot_tie_push,False,0,unknown,Scheduled
2026_10_MIA_IND,nfl,2026,10,IND,MIA,IND,MIA,2026-11-15 18:00:00+00:00,2026-11-13 18:00:00+00:00,2026-11-15 17:00:00+00:00,regular,nfl_regular_fullgame_moneyline_ot_tie_push,False,0,unknown,Scheduled
2026_10_MIN_GB,nfl,2026,10,GB,MIN,GB,MIN,2026-11-15 18:00:00+00:00,2026-11-13 18:00:00+00:00,2026-11-15 17:00:00+00:00,regular,nfl_regular_fullgame_moneyline_ot_tie_push,False,1,outdoors,Scheduled
2026_10_LA_ARI,nfl,2026,10,ARI,LA,ARI,LA,2026-11-15 21:05:00+00:00,2026-11-13 21:05:00+00:00,2026-11-15 20:05:00+00:00,regular,nfl_regular_fullgame_moneyline_ot_tie_push,False,1,unknown,Scheduled
2026_10_SEA_LV,nfl,2026,10,LV,SEA,LV,SEA,2026-11-15 21:05:00+00:00,2026-11-13 21:05:00+00:00,2026-11-15 20:05:00+00:00,regular,nfl_regular_fullgame_moneyline_ot_tie_push,False,0,dome,Scheduled
2026_10_SF_DAL,nfl,2026,10,DAL,SF,DAL,SF,2026-11-15 21:25:00+00:00,2026-11-13 21:25:00+00:00,2026-11-15 20:25:00+00:00,regular,nfl_regular_fullgame_moneyline_ot_tie_push,False,0,unknown,Scheduled
2026_10_PIT_CIN,nfl,2026,10,CIN,PIT,CIN,PIT,2026-11-16 01:20:00+00:00,2026-11-14 01:20:00+00:00,2026-11-16 00:20:00+00:00,regular,nfl_regular_fullgame_moneyline_ot_tie_push,False,1,outdoors,Scheduled
2026_10_LAC_BAL,nfl,2026,10,BAL,LAC,BAL,LAC,2026-11-17 01:15:00+00:00,2026-11-15 01:15:00+00:00,2026-11-17 00:15:00+00:00,regular,nfl_regular_fullgame_moneyline_ot_tie_push,False,0,outdoors,Scheduled
2026_11_IND_HOU,nfl,2026,11,HOU,IND,HOU,IND,2026-11-20 01:15:00+00:00,2026-11-18 01:15:00+00:00,2026-11-20 00:15:00+00:00,regular,nfl_regular_fullgame_moneyline_ot_tie_push,False,1,unknown,Scheduled
2026_11_ARI_KC,nfl,2026,11,KC,ARI,KC,ARI,2026-11-22 18:00:00+00:00,2026-11-20 18:00:00+00:00,2026-11-22 17:00:00+00:00,regular,nfl_regular_fullgame_moneyline_ot_tie_push,False,0,outdoors,Scheduled
2026_11_BAL_CAR,nfl,2026,11,CAR,BAL,CAR,BAL,2026-11-22 18:00:00+00:00,2026-11-20 18:00:00+00:00,2026-11-22 17:00:00+00:00,regular,nfl_regular_fullgame_moneyline_ot_tie_push,False,0,outdoors,Scheduled
2026_11_JAX_NYG,nfl,2026,11,NYG,JAX,NYG,JAX,2026-11-22 18:00:00+00:00,2026-11-20 18:00:00+00:00,2026-11-22 17:00:00+00:00,regular,nfl_regular_fullgame_moneyline_ot_tie_push,False,0,outdoors,Scheduled
2026_11_MIA_BUF,nfl,2026,11,BUF,MIA,BUF,MIA,2026-11-22 18:00:00+00:00,2026-11-20 18:00:00+00:00,2026-11-22 17:00:00+00:00,regular,nfl_regular_fullgame_moneyline_ot_tie_push,False,1,outdoors,Scheduled
2026_11_NO_CHI,nfl,2026,11,CHI,NO,CHI,NO,2026-11-22 18:00:00+00:00,2026-11-20 18:00:00+00:00,2026-11-22 17:00:00+00:00,regular,nfl_regular_fullgame_moneyline_ot_tie_push,False,0,outdoors,Scheduled
2026_11_TB_DET,nfl,2026,11,DET,TB,DET,TB,2026-11-22 18:00:00+00:00,2026-11-20 18:00:00+00:00,2026-11-22 17:00:00+00:00,regular,nfl_regular_fullgame_moneyline_ot_tie_push,False,0,dome,Scheduled
2026_11_TEN_DAL,nfl,2026,11,DAL,TEN,DAL,TEN,2026-11-22 18:00:00+00:00,2026-11-20 18:00:00+00:00,2026-11-22 17:00:00+00:00,regular,nfl_regular_fullgame_moneyline_ot_tie_push,False,0,unknown,Scheduled
2026_11_NYJ_LAC,nfl,2026,11,LAC,NYJ,LAC,NYJ,2026-11-22 21:05:00+00:00,2026-11-20 21:05:00+00:00,2026-11-22 20:05:00+00:00,regular,nfl_regular_fullgame_moneyline_ot_tie_push,False,0,dome,Scheduled
2026_11_LV_DEN,nfl,2026,11,DEN,LV,DEN,LV,2026-11-22 21:25:00+00:00,2026-11-20 21:25:00+00:00,2026-11-22 20:25:00+00:00,regular,nfl_regular_fullgame_moneyline_ot_tie_push,False,1,outdoors,Scheduled
2026_11_PIT_PHI,nfl,2026,11,PHI,PIT,PHI,PIT,2026-11-22 21:25:00+00:00,2026-11-20 21:25:00+00:00,2026-11-22 20:25:00+00:00,regular,nfl_regular_fullgame_moneyline_ot_tie_push,False,0,outdoors,Scheduled
2026_11_MIN_SF,nfl,2026,11,SF,MIN,SF,MIN,2026-11-23 01:20:00+00:00,2026-11-21 01:20:00+00:00,2026-11-23 00:20:00+00:00,regular,nfl_regular_fullgame_moneyline_ot_tie_push,True,0,outdoors,Scheduled
2026_11_CIN_WAS,nfl,2026,11,WAS,CIN,WAS,CIN,2026-11-24 01:15:00+00:00,2026-11-22 01:15:00+00:00,2026-11-24 00:15:00+00:00,regular,nfl_regular_fullgame_moneyline_ot_tie_push,False,0,outdoors,Scheduled
2026_12_GB_LA,nfl,2026,12,LA,GB,LA,GB,2026-11-26 01:00:00+00:00,2026-11-24 01:00:00+00:00,2026-11-26 00:00:00+00:00,regular,nfl_regular_fullgame_moneyline_ot_tie_push,False,0,dome,Scheduled
2026_12_CHI_DET,nfl,2026,12,DET,CHI,DET,CHI,2026-11-26 18:00:00+00:00,2026-11-24 18:00:00+00:00,2026-11-26 17:00:00+00:00,regular,nfl_regular_fullgame_moneyline_ot_tie_push,False,1,dome,Scheduled
2026_12_PHI_DAL,nfl,2026,12,DAL,PHI,DAL,PHI,2026-11-26 21:30:00+00:00,2026-11-24 21:30:00+00:00,2026-11-26 20:30:00+00:00,regular,nfl_regular_fullgame_moneyline_ot_tie_push,False,1,unknown,Scheduled
2026_12_KC_BUF,nfl,2026,12,BUF,KC,BUF,KC,2026-11-27 01:20:00+00:00,2026-11-25 01:20:00+00:00,2026-11-27 00:20:00+00:00,regular,nfl_regular_fullgame_moneyline_ot_tie_push,False,0,outdoors,Scheduled
2026_12_DEN_PIT,nfl,2026,12,PIT,DEN,PIT,DEN,2026-11-27 20:00:00+00:00,2026-11-25 20:00:00+00:00,2026-11-27 19:00:00+00:00,regular,nfl_regular_fullgame_moneyline_ot_tie_push,False,0,outdoors,Scheduled
2026_12_ATL_MIN,nfl,2026,12,MIN,ATL,MIN,ATL,2026-11-29 18:00:00+00:00,2026-11-27 18:00:00+00:00,2026-11-29 17:00:00+00:00,regular,nfl_regular_fullgame_moneyline_ot_tie_push,False,0,dome,Scheduled
2026_12_BAL_HOU,nfl,2026,12,HOU,BAL,HOU,BAL,2026-11-29 18:00:00+00:00,2026-11-27 18:00:00+00:00,2026-11-29 17:00:00+00:00,regular,nfl_regular_fullgame_moneyline_ot_tie_push,False,0,unknown,Scheduled
2026_12_LV_CLE,nfl,2026,12,CLE,LV,CLE,LV,2026-11-29 18:00:00+00:00,2026-11-27 18:00:00+00:00,2026-11-29 17:00:00+00:00,regular,nfl_regular_fullgame_moneyline_ot_tie_push,False,0,outdoors,Scheduled
2026_12_NO_CIN,nfl,2026,12,CIN,NO,CIN,NO,2026-11-29 18:00:00+00:00,2026-11-27 18:00:00+00:00,2026-11-29 17:00:00+00:00,regular,nfl_regular_fullgame_moneyline_ot_tie_push,False,0,outdoors,Scheduled
2026_12_NYG_IND,nfl,2026,12,IND,NYG,IND,NYG,2026-11-29 18:00:00+00:00,2026-11-27 18:00:00+00:00,2026-11-29 17:00:00+00:00,regular,nfl_regular_fullgame_moneyline_ot_tie_push,False,0,unknown,Scheduled
2026_12_NYJ_MIA,nfl,2026,12,MIA,NYJ,MIA,NYJ,2026-11-29 18:00:00+00:00,2026-11-27 18:00:00+00:00,2026-11-29 17:00:00+00:00,regular,nfl_regular_fullgame_moneyline_ot_tie_push,False,1,outdoors,Scheduled
2026_12_TEN_JAX,nfl,2026,12,JAX,TEN,JAX,TEN,2026-11-29 21:05:00+00:00,2026-11-27 21:05:00+00:00,2026-11-29 20:05:00+00:00,regular,nfl_regular_fullgame_moneyline_ot_tie_push,False,1,outdoors,Scheduled
2026_12_SEA_SF,nfl,2026,12,SF,SEA,SF,SEA,2026-11-29 21:25:00+00:00,2026-11-27 21:25:00+00:00,2026-11-29 20:25:00+00:00,regular,nfl_regular_fullgame_moneyline_ot_tie_push,False,1,outdoors,Scheduled
2026_12_WAS_ARI,nfl,2026,12,ARI,WAS,ARI,WAS,2026-11-29 21:25:00+00:00,2026-11-27 21:25:00+00:00,2026-11-29 20:25:00+00:00,regular,nfl_regular_fullgame_moneyline_ot_tie_push,False,0,unknown,Scheduled
2026_12_NE_LAC,nfl,2026,12,LAC,NE,LAC,NE,2026-11-30 01:20:00+00:00,2026-11-28 01:20:00+00:00,2026-11-30 00:20:00+00:00,regular,nfl_regular_fullgame_moneyline_ot_tie_push,False,0,dome,Scheduled
2026_12_CAR_TB,nfl,2026,12,TB,CAR,TB,CAR,2026-12-01 01:15:00+00:00,2026-11-29 01:15:00+00:00,2026-12-01 00:15:00+00:00,regular,nfl_regular_fullgame_moneyline_ot_tie_push,False,1,outdoors,Scheduled
2026_13_KC_LA,nfl,2026,13,LA,KC,LA,KC,2026-12-04 01:15:00+00:00,2026-12-02 01:15:00+00:00,2026-12-04 00:15:00+00:00,regular,nfl_regular_fullgame_moneyline_ot_tie_push,False,0,dome,Scheduled
2026_13_CIN_CLE,nfl,2026,13,CLE,CIN,CLE,CIN,2026-12-06 18:00:00+00:00,2026-12-04 18:00:00+00:00,2026-12-06 17:00:00+00:00,regular,nfl_regular_fullgame_moneyline_ot_tie_push,False,1,outdoors,Scheduled
2026_13_DET_ATL,nfl,2026,13,ATL,DET,ATL,DET,2026-12-06 18:00:00+00:00,2026-12-04 18:00:00+00:00,2026-12-06 17:00:00+00:00,regular,nfl_regular_fullgame_moneyline_ot_tie_push,False,0,unknown,Scheduled
2026_13_GB_NO,nfl,2026,13,NO,GB,NO,GB,2026-12-06 18:00:00+00:00,2026-12-04 18:00:00+00:00,2026-12-06 17:00:00+00:00,regular,nfl_regular_fullgame_moneyline_ot_tie_push,False,0,dome,Scheduled
2026_13_JAX_CHI,nfl,2026,13,CHI,JAX,CHI,JAX,2026-12-06 18:00:00+00:00,2026-12-04 18:00:00+00:00,2026-12-06 17:00:00+00:00,regular,nfl_regular_fullgame_moneyline_ot_tie_push,False,0,outdoors,Scheduled
2026_13_LAC_TB,nfl,2026,13,TB,LAC,TB,LAC,2026-12-06 18:00:00+00:00,2026-12-04 18:00:00+00:00,2026-12-06 17:00:00+00:00,regular,nfl_regular_fullgame_moneyline_ot_tie_push,False,0,outdoors,Scheduled
2026_13_SF_NYG,nfl,2026,13,NYG,SF,NYG,SF,2026-12-06 18:00:00+00:00,2026-12-04 18:00:00+00:00,2026-12-06 17:00:00+00:00,regular,nfl_regular_fullgame_moneyline_ot_tie_push,False,0,outdoors,Scheduled
2026_13_WAS_TEN,nfl,2026,13,TEN,WAS,TEN,WAS,2026-12-06 18:00:00+00:00,2026-12-04 18:00:00+00:00,2026-12-06 17:00:00+00:00,regular,nfl_regular_fullgame_moneyline_ot_tie_push,False,0,outdoors,Scheduled
2026_13_MIA_DEN,nfl,2026,13,DEN,MIA,DEN,MIA,2026-12-06 21:05:00+00:00,2026-12-04 21:05:00+00:00,2026-12-06 20:05:00+00:00,regular,nfl_regular_fullgame_moneyline_ot_tie_push,False,0,outdoors,Scheduled
2026_13_PHI_ARI,nfl,2026,13,ARI,PHI,ARI,PHI,2026-12-06 21:05:00+00:00,2026-12-04 21:05:00+00:00,2026-12-06 20:05:00+00:00,regular,nfl_regular_fullgame_moneyline_ot_tie_push,False,0,unknown,Scheduled
2026_13_BUF_NE,nfl,2026,13,NE,BUF,NE,BUF,2026-12-06 21:25:00+00:00,2026-12-04 21:25:00+00:00,2026-12-06 20:25:00+00:00,regular,nfl_regular_fullgame_moneyline_ot_tie_push,False,1,outdoors,Scheduled
2026_13_CAR_MIN,nfl,2026,13,MIN,CAR,MIN,CAR,2026-12-06 21:25:00+00:00,2026-12-04 21:25:00+00:00,2026-12-06 20:25:00+00:00,regular,nfl_regular_fullgame_moneyline_ot_tie_push,False,0,dome,Scheduled
2026_13_HOU_PIT,nfl,2026,13,PIT,HOU,PIT,HOU,2026-12-07 01:20:00+00:00,2026-12-05 01:20:00+00:00,2026-12-07 00:20:00+00:00,regular,nfl_regular_fullgame_moneyline_ot_tie_push,False,0,outdoors,Scheduled
2026_13_DAL_SEA,nfl,2026,13,SEA,DAL,SEA,DAL,2026-12-08 01:15:00+00:00,2026-12-06 01:15:00+00:00,2026-12-08 00:15:00+00:00,regular,nfl_regular_fullgame_moneyline_ot_tie_push,False,0,outdoors,Scheduled
2026_14_MIN_NE,nfl,2026,14,NE,MIN,NE,MIN,2026-12-11 01:15:00+00:00,2026-12-09 01:15:00+00:00,2026-12-11 00:15:00+00:00,regular,nfl_regular_fullgame_moneyline_ot_tie_push,False,0,outdoors,Scheduled
2026_14_ATL_CLE,nfl,2026,14,CLE,ATL,CLE,ATL,2026-12-13 18:00:00+00:00,2026-12-11 18:00:00+00:00,2026-12-13 17:00:00+00:00,regular,nfl_regular_fullgame_moneyline_ot_tie_push,False,0,outdoors,Scheduled
2026_14_CHI_MIA,nfl,2026,14,MIA,CHI,MIA,CHI,2026-12-13 18:00:00+00:00,2026-12-11 18:00:00+00:00,2026-12-13 17:00:00+00:00,regular,nfl_regular_fullgame_moneyline_ot_tie_push,False,0,outdoors,Scheduled
2026_14_DEN_NYJ,nfl,2026,14,NYJ,DEN,NYJ,DEN,2026-12-13 18:00:00+00:00,2026-12-11 18:00:00+00:00,2026-12-13 17:00:00+00:00,regular,nfl_regular_fullgame_moneyline_ot_tie_push,False,0,outdoors,Scheduled
2026_14_HOU_WAS,nfl,2026,14,WAS,HOU,WAS,HOU,2026-12-13 18:00:00+00:00,2026-12-11 18:00:00+00:00,2026-12-13 17:00:00+00:00,regular,nfl_regular_fullgame_moneyline_ot_tie_push,False,0,outdoors,Scheduled
2026_14_IND_PHI,nfl,2026,14,PHI,IND,PHI,IND,2026-12-13 18:00:00+00:00,2026-12-11 18:00:00+00:00,2026-12-13 17:00:00+00:00,regular,nfl_regular_fullgame_moneyline_ot_tie_push,False,0,outdoors,Scheduled
2026_14_NO_CAR,nfl,2026,14,CAR,NO,CAR,NO,2026-12-13 18:00:00+00:00,2026-12-11 18:00:00+00:00,2026-12-13 17:00:00+00:00,regular,nfl_regular_fullgame_moneyline_ot_tie_push,False,1,outdoors,Scheduled
2026_14_TB_BAL,nfl,2026,14,BAL,TB,BAL,TB,2026-12-13 18:00:00+00:00,2026-12-11 18:00:00+00:00,2026-12-13 17:00:00+00:00,regular,nfl_regular_fullgame_moneyline_ot_tie_push,False,0,outdoors,Scheduled
2026_14_TEN_DET,nfl,2026,14,DET,TEN,DET,TEN,2026-12-13 18:00:00+00:00,2026-12-11 18:00:00+00:00,2026-12-13 17:00:00+00:00,regular,nfl_regular_fullgame_moneyline_ot_tie_push,False,0,dome,Scheduled
2026_14_LAC_LV,nfl,2026,14,LV,LAC,LV,LAC,2026-12-13 21:05:00+00:00,2026-12-11 21:05:00+00:00,2026-12-13 20:05:00+00:00,regular,nfl_regular_fullgame_moneyline_ot_tie_push,False,1,dome,Scheduled
2026_14_KC_CIN,nfl,2026,14,CIN,KC,CIN,KC,2026-12-13 21:25:00+00:00,2026-12-11 21:25:00+00:00,2026-12-13 20:25:00+00:00,regular,nfl_regular_fullgame_moneyline_ot_tie_push,False,0,outdoors,Scheduled
2026_14_LA_SF,nfl,2026,14,SF,LA,SF,LA,2026-12-13 21:25:00+00:00,2026-12-11 21:25:00+00:00,2026-12-13 20:25:00+00:00,regular,nfl_regular_fullgame_moneyline_ot_tie_push,False,1,outdoors,Scheduled
2026_14_NYG_SEA,nfl,2026,14,SEA,NYG,SEA,NYG,2026-12-13 21:25:00+00:00,2026-12-11 21:25:00+00:00,2026-12-13 20:25:00+00:00,regular,nfl_regular_fullgame_moneyline_ot_tie_push,False,0,outdoors,Scheduled
2026_14_BUF_GB,nfl,2026,14,GB,BUF,GB,BUF,2026-12-14 01:20:00+00:00,2026-12-12 01:20:00+00:00,2026-12-14 00:20:00+00:00,regular,nfl_regular_fullgame_moneyline_ot_tie_push,False,0,outdoors,Scheduled
2026_14_PIT_JAX,nfl,2026,14,JAX,PIT,JAX,PIT,2026-12-15 01:15:00+00:00,2026-12-13 01:15:00+00:00,2026-12-15 00:15:00+00:00,regular,nfl_regular_fullgame_moneyline_ot_tie_push,False,0,outdoors,Scheduled
2026_15_SF_LAC,nfl,2026,15,LAC,SF,LAC,SF,2026-12-18 01:15:00+00:00,2026-12-16 01:15:00+00:00,2026-12-18 00:15:00+00:00,regular,nfl_regular_fullgame_moneyline_ot_tie_push,False,0,dome,Scheduled
2026_15_SEA_PHI,nfl,2026,15,PHI,SEA,PHI,SEA,2026-12-19 22:00:00+00:00,2026-12-17 22:00:00+00:00,2026-12-19 21:00:00+00:00,regular,nfl_regular_fullgame_moneyline_ot_tie_push,False,0,outdoors,Scheduled
2026_15_CHI_BUF,nfl,2026,15,BUF,CHI,BUF,CHI,2026-12-20 01:20:00+00:00,2026-12-18 01:20:00+00:00,2026-12-20 00:20:00+00:00,regular,nfl_regular_fullgame_moneyline_ot_tie_push,False,0,outdoors,Scheduled
2026_15_ATL_WAS,nfl,2026,15,WAS,ATL,WAS,ATL,2026-12-20 18:00:00+00:00,2026-12-18 18:00:00+00:00,2026-12-20 17:00:00+00:00,regular,nfl_regular_fullgame_moneyline_ot_tie_push,False,0,outdoors,Scheduled
2026_15_BAL_PIT,nfl,2026,15,PIT,BAL,PIT,BAL,2026-12-20 18:00:00+00:00,2026-12-18 18:00:00+00:00,2026-12-20 17:00:00+00:00,regular,nfl_regular_fullgame_moneyline_ot_tie_push,False,1,outdoors,Scheduled
2026_15_CIN_CAR,nfl,2026,15,CAR,CIN,CAR,CIN,2026-12-20 18:00:00+00:00,2026-12-18 18:00:00+00:00,2026-12-20 17:00:00+00:00,regular,nfl_regular_fullgame_moneyline_ot_tie_push,False,0,outdoors,Scheduled
2026_15_CLE_NYG,nfl,2026,15,NYG,CLE,NYG,CLE,2026-12-20 18:00:00+00:00,2026-12-18 18:00:00+00:00,2026-12-20 17:00:00+00:00,regular,nfl_regular_fullgame_moneyline_ot_tie_push,False,0,outdoors,Scheduled
2026_15_IND_TEN,nfl,2026,15,TEN,IND,TEN,IND,2026-12-20 18:00:00+00:00,2026-12-18 18:00:00+00:00,2026-12-20 17:00:00+00:00,regular,nfl_regular_fullgame_moneyline_ot_tie_push,False,1,outdoors,Scheduled
2026_15_JAX_HOU,nfl,2026,15,HOU,JAX,HOU,JAX,2026-12-20 18:00:00+00:00,2026-12-18 18:00:00+00:00,2026-12-20 17:00:00+00:00,regular,nfl_regular_fullgame_moneyline_ot_tie_push,False,1,unknown,Scheduled
2026_15_MIA_GB,nfl,2026,15,GB,MIA,GB,MIA,2026-12-20 18:00:00+00:00,2026-12-18 18:00:00+00:00,2026-12-20 17:00:00+00:00,regular,nfl_regular_fullgame_moneyline_ot_tie_push,False,0,outdoors,Scheduled
2026_15_NO_TB,nfl,2026,15,TB,NO,TB,NO,2026-12-20 18:00:00+00:00,2026-12-18 18:00:00+00:00,2026-12-20 17:00:00+00:00,regular,nfl_regular_fullgame_moneyline_ot_tie_push,False,1,outdoors,Scheduled
2026_15_NYJ_ARI,nfl,2026,15,ARI,NYJ,ARI,NYJ,2026-12-20 21:05:00+00:00,2026-12-18 21:05:00+00:00,2026-12-20 20:05:00+00:00,regular,nfl_regular_fullgame_moneyline_ot_tie_push,False,0,unknown,Scheduled
2026_15_DAL_LA,nfl,2026,15,LA,DAL,LA,DAL,2026-12-20 21:25:00+00:00,2026-12-18 21:25:00+00:00,2026-12-20 20:25:00+00:00,regular,nfl_regular_fullgame_moneyline_ot_tie_push,False,0,dome,Scheduled
2026_15_DEN_LV,nfl,2026,15,LV,DEN,LV,DEN,2026-12-20 21:25:00+00:00,2026-12-18 21:25:00+00:00,2026-12-20 20:25:00+00:00,regular,nfl_regular_fullgame_moneyline_ot_tie_push,False,1,dome,Scheduled
2026_15_DET_MIN,nfl,2026,15,MIN,DET,MIN,DET,2026-12-21 01:20:00+00:00,2026-12-19 01:20:00+00:00,2026-12-21 00:20:00+00:00,regular,nfl_regular_fullgame_moneyline_ot_tie_push,False,1,dome,Scheduled
2026_15_NE_KC,nfl,2026,15,KC,NE,KC,NE,2026-12-22 01:15:00+00:00,2026-12-20 01:15:00+00:00,2026-12-22 00:15:00+00:00,regular,nfl_regular_fullgame_moneyline_ot_tie_push,False,0,outdoors,Scheduled
2026_16_HOU_PHI,nfl,2026,16,PHI,HOU,PHI,HOU,2026-12-25 01:15:00+00:00,2026-12-23 01:15:00+00:00,2026-12-25 00:15:00+00:00,regular,nfl_regular_fullgame_moneyline_ot_tie_push,False,0,outdoors,Scheduled
2026_16_GB_CHI,nfl,2026,16,CHI,GB,CHI,GB,2026-12-25 18:00:00+00:00,2026-12-23 18:00:00+00:00,2026-12-25 17:00:00+00:00,regular,nfl_regular_fullgame_moneyline_ot_tie_push,False,1,outdoors,Scheduled
2026_16_BUF_DEN,nfl,2026,16,DEN,BUF,DEN,BUF,2026-12-25 21:30:00+00:00,2026-12-23 21:30:00+00:00,2026-12-25 20:30:00+00:00,regular,nfl_regular_fullgame_moneyline_ot_tie_push,False,0,outdoors,Scheduled
2026_16_LA_SEA,nfl,2026,16,SEA,LA,SEA,LA,2026-12-26 01:15:00+00:00,2026-12-24 01:15:00+00:00,2026-12-26 00:15:00+00:00,regular,nfl_regular_fullgame_moneyline_ot_tie_push,False,1,outdoors,Scheduled
2026_16_ARI_NO,nfl,2026,16,NO,ARI,NO,ARI,2026-12-27 18:00:00+00:00,2026-12-25 18:00:00+00:00,2026-12-27 17:00:00+00:00,regular,nfl_regular_fullgame_moneyline_ot_tie_push,False,0,dome,Scheduled
2026_16_CAR_PIT,nfl,2026,16,PIT,CAR,PIT,CAR,2026-12-27 18:00:00+00:00,2026-12-25 18:00:00+00:00,2026-12-27 17:00:00+00:00,regular,nfl_regular_fullgame_moneyline_ot_tie_push,False,0,outdoors,Scheduled
2026_16_CIN_IND,nfl,2026,16,IND,CIN,IND,CIN,2026-12-27 18:00:00+00:00,2026-12-25 18:00:00+00:00,2026-12-27 17:00:00+00:00,regular,nfl_regular_fullgame_moneyline_ot_tie_push,False,0,unknown,Scheduled
2026_16_CLE_BAL,nfl,2026,16,BAL,CLE,BAL,CLE,2026-12-27 18:00:00+00:00,2026-12-25 18:00:00+00:00,2026-12-27 17:00:00+00:00,regular,nfl_regular_fullgame_moneyline_ot_tie_push,False,1,outdoors,Scheduled
2026_16_LAC_MIA,nfl,2026,16,MIA,LAC,MIA,LAC,2026-12-27 18:00:00+00:00,2026-12-25 18:00:00+00:00,2026-12-27 17:00:00+00:00,regular,nfl_regular_fullgame_moneyline_ot_tie_push,False,0,outdoors,Scheduled
2026_16_NE_NYJ,nfl,2026,16,NYJ,NE,NYJ,NE,2026-12-27 18:00:00+00:00,2026-12-25 18:00:00+00:00,2026-12-27 17:00:00+00:00,regular,nfl_regular_fullgame_moneyline_ot_tie_push,False,1,outdoors,Scheduled
2026_16_TB_ATL,nfl,2026,16,ATL,TB,ATL,TB,2026-12-27 18:00:00+00:00,2026-12-25 18:00:00+00:00,2026-12-27 17:00:00+00:00,regular,nfl_regular_fullgame_moneyline_ot_tie_push,False,1,unknown,Scheduled
2026_16_WAS_MIN,nfl,2026,16,MIN,WAS,MIN,WAS,2026-12-27 18:00:00+00:00,2026-12-25 18:00:00+00:00,2026-12-27 17:00:00+00:00,regular,nfl_regular_fullgame_moneyline_ot_tie_push,False,0,dome,Scheduled
2026_16_TEN_LV,nfl,2026,16,LV,TEN,LV,TEN,2026-12-27 21:05:00+00:00,2026-12-25 21:05:00+00:00,2026-12-27 20:05:00+00:00,regular,nfl_regular_fullgame_moneyline_ot_tie_push,False,0,dome,Scheduled
2026_16_SF_KC,nfl,2026,16,KC,SF,KC,SF,2026-12-27 21:25:00+00:00,2026-12-25 21:25:00+00:00,2026-12-27 20:25:00+00:00,regular,nfl_regular_fullgame_moneyline_ot_tie_push,False,0,outdoors,Scheduled
2026_16_JAX_DAL,nfl,2026,16,DAL,JAX,DAL,JAX,2026-12-28 01:20:00+00:00,2026-12-26 01:20:00+00:00,2026-12-28 00:20:00+00:00,regular,nfl_regular_fullgame_moneyline_ot_tie_push,False,0,unknown,Scheduled
2026_16_NYG_DET,nfl,2026,16,DET,NYG,DET,NYG,2026-12-29 01:15:00+00:00,2026-12-27 01:15:00+00:00,2026-12-29 00:15:00+00:00,regular,nfl_regular_fullgame_moneyline_ot_tie_push,False,0,dome,Scheduled
2026_17_BAL_CIN,nfl,2026,17,CIN,BAL,CIN,BAL,2027-01-01 01:15:00+00:00,2026-12-30 01:15:00+00:00,2027-01-01 00:15:00+00:00,regular,nfl_regular_fullgame_moneyline_ot_tie_push,False,1,outdoors,Scheduled
2026_17_BUF_MIA,nfl,2026,17,MIA,BUF,MIA,BUF,2027-01-03 18:00:00+00:00,2027-01-01 18:00:00+00:00,2027-01-03 17:00:00+00:00,regular,nfl_regular_fullgame_moneyline_ot_tie_push,False,1,outdoors,Scheduled
2026_17_DEN_NE,nfl,2026,17,NE,DEN,NE,DEN,2027-01-03 18:00:00+00:00,2027-01-01 18:00:00+00:00,2027-01-03 17:00:00+00:00,regular,nfl_regular_fullgame_moneyline_ot_tie_push,False,0,outdoors,Scheduled
2026_17_IND_CLE,nfl,2026,17,CLE,IND,CLE,IND,2027-01-03 18:00:00+00:00,2027-01-01 18:00:00+00:00,2027-01-03 17:00:00+00:00,regular,nfl_regular_fullgame_moneyline_ot_tie_push,False,0,outdoors,Scheduled
2026_17_KC_LAC,nfl,2026,17,LAC,KC,LAC,KC,2027-01-03 18:00:00+00:00,2027-01-01 18:00:00+00:00,2027-01-03 17:00:00+00:00,regular,nfl_regular_fullgame_moneyline_ot_tie_push,False,1,dome,Scheduled
2026_17_LA_TB,nfl,2026,17,TB,LA,TB,LA,2027-01-03 18:00:00+00:00,2027-01-01 18:00:00+00:00,2027-01-03 17:00:00+00:00,regular,nfl_regular_fullgame_moneyline_ot_tie_push,False,0,outdoors,Scheduled
2026_17_MIN_NYJ,nfl,2026,17,NYJ,MIN,NYJ,MIN,2027-01-03 18:00:00+00:00,2027-01-01 18:00:00+00:00,2027-01-03 17:00:00+00:00,regular,nfl_regular_fullgame_moneyline_ot_tie_push,False,0,outdoors,Scheduled
2026_17_NO_ATL,nfl,2026,17,ATL,NO,ATL,NO,2027-01-03 18:00:00+00:00,2027-01-01 18:00:00+00:00,2027-01-03 17:00:00+00:00,regular,nfl_regular_fullgame_moneyline_ot_tie_push,False,1,unknown,Scheduled
2026_17_NYG_DAL,nfl,2026,17,DAL,NYG,DAL,NYG,2027-01-03 18:00:00+00:00,2027-01-01 18:00:00+00:00,2027-01-03 17:00:00+00:00,regular,nfl_regular_fullgame_moneyline_ot_tie_push,False,1,unknown,Scheduled
2026_17_PIT_TEN,nfl,2026,17,TEN,PIT,TEN,PIT,2027-01-03 18:00:00+00:00,2027-01-01 18:00:00+00:00,2027-01-03 17:00:00+00:00,regular,nfl_regular_fullgame_moneyline_ot_tie_push,False,0,outdoors,Scheduled
2026_17_SEA_CAR,nfl,2026,17,CAR,SEA,CAR,SEA,2027-01-03 18:00:00+00:00,2027-01-01 18:00:00+00:00,2027-01-03 17:00:00+00:00,regular,nfl_regular_fullgame_moneyline_ot_tie_push,False,0,outdoors,Scheduled
2026_17_WAS_JAX,nfl,2026,17,JAX,WAS,JAX,WAS,2027-01-03 18:00:00+00:00,2027-01-01 18:00:00+00:00,2027-01-03 17:00:00+00:00,regular,nfl_regular_fullgame_moneyline_ot_tie_push,False,0,outdoors,Scheduled
2026_17_LV_ARI,nfl,2026,17,ARI,LV,ARI,LV,2027-01-03 21:05:00+00:00,2027-01-01 21:05:00+00:00,2027-01-03 20:05:00+00:00,regular,nfl_regular_fullgame_moneyline_ot_tie_push,False,0,unknown,Scheduled
2026_17_DET_CHI,nfl,2026,17,CHI,DET,CHI,DET,2027-01-03 21:25:00+00:00,2027-01-01 21:25:00+00:00,2027-01-03 20:25:00+00:00,regular,nfl_regular_fullgame_moneyline_ot_tie_push,False,1,outdoors,Scheduled
2026_17_PHI_SF,nfl,2026,17,SF,PHI,SF,PHI,2027-01-04 01:20:00+00:00,2027-01-02 01:20:00+00:00,2027-01-04 00:20:00+00:00,regular,nfl_regular_fullgame_moneyline_ot_tie_push,False,0,outdoors,Scheduled
2026_17_HOU_GB,nfl,2026,17,GB,HOU,GB,HOU,2027-01-05 01:15:00+00:00,2027-01-03 01:15:00+00:00,2027-01-05 00:15:00+00:00,regular,nfl_regular_fullgame_moneyline_ot_tie_push,False,0,outdoors,Scheduled
2026_18_ATL_CAR,nfl,2026,18,CAR,ATL,CAR,ATL,2027-01-10 18:00:00+00:00,2027-01-08 18:00:00+00:00,2027-01-10 17:00:00+00:00,regular,nfl_regular_fullgame_moneyline_ot_tie_push,False,1,outdoors,Scheduled
2026_18_CHI_MIN,nfl,2026,18,MIN,CHI,MIN,CHI,2027-01-10 18:00:00+00:00,2027-01-08 18:00:00+00:00,2027-01-10 17:00:00+00:00,regular,nfl_regular_fullgame_moneyline_ot_tie_push,False,1,dome,Scheduled
2026_18_CLE_CIN,nfl,2026,18,CIN,CLE,CIN,CLE,2027-01-10 18:00:00+00:00,2027-01-08 18:00:00+00:00,2027-01-10 17:00:00+00:00,regular,nfl_regular_fullgame_moneyline_ot_tie_push,False,1,outdoors,Scheduled
2026_18_DAL_WAS,nfl,2026,18,WAS,DAL,WAS,DAL,2027-01-10 18:00:00+00:00,2027-01-08 18:00:00+00:00,2027-01-10 17:00:00+00:00,regular,nfl_regular_fullgame_moneyline_ot_tie_push,False,1,outdoors,Scheduled
2026_18_DET_GB,nfl,2026,18,GB,DET,GB,DET,2027-01-10 18:00:00+00:00,2027-01-08 18:00:00+00:00,2027-01-10 17:00:00+00:00,regular,nfl_regular_fullgame_moneyline_ot_tie_push,False,1,outdoors,Scheduled
2026_18_JAX_IND,nfl,2026,18,IND,JAX,IND,JAX,2027-01-10 18:00:00+00:00,2027-01-08 18:00:00+00:00,2027-01-10 17:00:00+00:00,regular,nfl_regular_fullgame_moneyline_ot_tie_push,False,1,unknown,Scheduled
2026_18_LAC_DEN,nfl,2026,18,DEN,LAC,DEN,LAC,2027-01-10 18:00:00+00:00,2027-01-08 18:00:00+00:00,2027-01-10 17:00:00+00:00,regular,nfl_regular_fullgame_moneyline_ot_tie_push,False,1,outdoors,Scheduled
2026_18_LV_KC,nfl,2026,18,KC,LV,KC,LV,2027-01-10 18:00:00+00:00,2027-01-08 18:00:00+00:00,2027-01-10 17:00:00+00:00,regular,nfl_regular_fullgame_moneyline_ot_tie_push,False,1,outdoors,Scheduled
2026_18_MIA_NE,nfl,2026,18,NE,MIA,NE,MIA,2027-01-10 18:00:00+00:00,2027-01-08 18:00:00+00:00,2027-01-10 17:00:00+00:00,regular,nfl_regular_fullgame_moneyline_ot_tie_push,False,1,outdoors,Scheduled
2026_18_NYJ_BUF,nfl,2026,18,BUF,NYJ,BUF,NYJ,2027-01-10 18:00:00+00:00,2027-01-08 18:00:00+00:00,2027-01-10 17:00:00+00:00,regular,nfl_regular_fullgame_moneyline_ot_tie_push,False,1,outdoors,Scheduled
2026_18_PHI_NYG,nfl,2026,18,NYG,PHI,NYG,PHI,2027-01-10 18:00:00+00:00,2027-01-08 18:00:00+00:00,2027-01-10 17:00:00+00:00,regular,nfl_regular_fullgame_moneyline_ot_tie_push,False,1,outdoors,Scheduled
2026_18_PIT_BAL,nfl,2026,18,BAL,PIT,BAL,PIT,2027-01-10 18:00:00+00:00,2027-01-08 18:00:00+00:00,2027-01-10 17:00:00+00:00,regular,nfl_regular_fullgame_moneyline_ot_tie_push,False,1,outdoors,Scheduled
2026_18_SEA_LA,nfl,2026,18,LA,SEA,LA,SEA,2027-01-10 18:00:00+00:00,2027-01-08 18:00:00+00:00,2027-01-10 17:00:00+00:00,regular,nfl_regular_fullgame_moneyline_ot_tie_push,False,1,dome,Scheduled
2026_18_SF_ARI,nfl,2026,18,ARI,SF,ARI,SF,2027-01-10 18:00:00+00:00,2027-01-08 18:00:00+00:00,2027-01-10 17:00:00+00:00,regular,nfl_regular_fullgame_moneyline_ot_tie_push,False,1,unknown,Scheduled
2026_18_TB_NO,nfl,2026,18,NO,TB,NO,TB,2027-01-10 18:00:00+00:00,2027-01-08 18:00:00+00:00,2027-01-10 17:00:00+00:00,regular,nfl_regular_fullgame_moneyline_ot_tie_push,False,1,dome,Scheduled
2026_18_TEN_HOU,nfl,2026,18,HOU,TEN,HOU,TEN,2027-01-10 18:00:00+00:00,2027-01-08 18:00:00+00:00,2027-01-10 17:00:00+00:00,regular,nfl_regular_fullgame_moneyline_ot_tie_push,False,1,unknown,Scheduled
